{"mean":{"confidence_interval":{"confidence_level":0.95,"lower_bound":-0.11200818135901783,"upper_bound":0.1031842157373117},"point_estimate":-0.007805284626338338,"standard_error":0.0547305009588824},"median":{"confidence_interval":{"confidence_level":0.95,"lower_bound":-0.1998399890022422,"upper_bound":0.2551891732527063},"point_estimate":0.014764322633309401,"standard_error":0.12031476848795712}}