{"mean":{"confidence_interval":{"confidence_level":0.95,"lower_bound":-0.1183783302974541,"upper_bound":0.12460313257751432},"point_estimate":0.0010384008954595902,"standard_error":0.06144393919933122},"median":{"confidence_interval":{"confidence_level":0.95,"lower_bound":-0.24125702403088656,"upper_bound":0.39412929896967097},"point_estimate":-0.03572753900207937,"standard_error":0.1661396773259446}}