{"mean":{"confidence_interval":{"confidence_level":0.95,"lower_bound":260.94913831914573,"upper_bound":309.21500146373614},"point_estimate":284.79728439140706,"standard_error":12.306916459060584},"median":{"confidence_interval":{"confidence_level":0.95,"lower_bound":199.05026455026456,"upper_bound":315.051063712522},"point_estimate":252.0007835943602,"standard_error":27.4845439785777},"median_abs_dev":{"confidence_interval":{"confidence_level":0.95,"lower_bound":81.6850784693906,"upper_bound":188.100611315719},"point_estimate":139.46496732697733,"standard_error":27.049422200483505},"slope":{"confidence_interval":{"confidence_level":0.95,"lower_bound":362.3473774742821,"upper_bound":406.14498456814994},"point_estimate":386.3137128302383,"standard_error":11.150114070182845},"std_dev":{"confidence_interval":{"confidence_level":0.95,"lower_bound":111.89257297039902,"upper_bound":133.2635838928713},"point_estimate":123.5619986207745,"standard_error":5.432093364885537}}