{"mean":{"confidence_interval":{"confidence_level":0.95,"lower_bound":-0.14782234319891413,"upper_bound":0.09137033678741101},"point_estimate":-0.040054582180720666,"standard_error":0.061593375455694474},"median":{"confidence_interval":{"confidence_level":0.95,"lower_bound":-0.28068416971472854,"upper_bound":0.2223765310535908},"point_estimate":-0.08946712268867485,"standard_error":0.13198642852366077}}