{"mean":{"confidence_interval":{"confidence_level":0.95,"lower_bound":-0.04889495286186122,"upper_bound":0.04729845485967759},"point_estimate":-0.0021599179763759357,"standard_error":0.024476473432426656},"median":{"confidence_interval":{"confidence_level":0.95,"lower_bound":-0.09699153599047527,"upper_bound":0.11107534363529374},"point_estimate":0.005069726117472584,"standard_error":0.05412544522102677}}