{"mean":{"confidence_interval":{"confidence_level":0.95,"lower_bound":-0.15006812055900023,"upper_bound":0.08120485214670499},"point_estimate":-0.03935682389645345,"standard_error":0.059361917132616855},"median":{"confidence_interval":{"confidence_level":0.95,"lower_bound":-0.2479050885291283,"upper_bound":0.32479368970544575},"point_estimate":-0.019071579939226257,"standard_error":0.1422781599734787}}