{"mean":{"confidence_interval":{"confidence_level":0.95,"lower_bound":-0.06153280219024238,"upper_bound":0.05000770089444875},"point_estimate":-0.008310376269758057,"standard_error":0.028480980006601393},"median":{"confidence_interval":{"confidence_level":0.95,"lower_bound":-0.12947837352575553,"upper_bound":0.14191426099459478},"point_estimate":0.016352864504442177,"standard_error":0.06872127095715737}}