{"mean":{"confidence_interval":{"confidence_level":0.95,"lower_bound":-0.08379848690883464,"upper_bound":0.151971320166696},"point_estimate":0.029704773319338962,"standard_error":0.05989568139928106},"median":{"confidence_interval":{"confidence_level":0.95,"lower_bound":-0.22593994534254677,"upper_bound":0.32765444014259626},"point_estimate":-0.0029487809222300543,"standard_error":0.14215428246891448}}