{"mean":{"confidence_interval":{"confidence_level":0.95,"lower_bound":-0.026606782864197237,"upper_bound":0.060071809973594674},"point_estimate":0.01577242582920868,"standard_error":0.02205880521977236},"median":{"confidence_interval":{"confidence_level":0.95,"lower_bound":-0.0021926849926486858,"upper_bound":0.1637081846764783},"point_estimate":0.08373784014689822,"standard_error":0.04446389626522245}}