{"mean":{"confidence_interval":{"confidence_level":0.95,"lower_bound":-0.08305549368518624,"upper_bound":0.10873222671504618},"point_estimate":0.004975857419518892,"standard_error":0.049094112384199876},"median":{"confidence_interval":{"confidence_level":0.95,"lower_bound":-0.175775315453194,"upper_bound":0.28265565440027896},"point_estimate":0.06119215228344155,"standard_error":0.11864190847714659}}