{"mean":{"confidence_interval":{"confidence_level":0.95,"lower_bound":-0.07347227878289146,"upper_bound":0.16302249601177457},"point_estimate":0.03898599363592514,"standard_error":0.06004357340636883},"median":{"confidence_interval":{"confidence_level":0.95,"lower_bound":-0.13094984771018864,"upper_bound":0.3828314336282812},"point_estimate":0.10885983438535463,"standard_error":0.1278042726796038}}