{"mean":{"confidence_interval":{"confidence_level":0.95,"lower_bound":-0.09490518381320334,"upper_bound":0.12879186132180184},"point_estimate":0.007220685350853628,"standard_error":0.057221345865997066},"median":{"confidence_interval":{"confidence_level":0.95,"lower_bound":-0.20503113773518766,"upper_bound":0.2799434990396221},"point_estimate":-0.01609574496259869,"standard_error":0.12437770419809727}}