{"mean":{"confidence_interval":{"confidence_level":0.95,"lower_bound":-0.09624890998651538,"upper_bound":0.1287602603664088},"point_estimate":0.004878942995115487,"standard_error":0.05757709709456559},"median":{"confidence_interval":{"confidence_level":0.95,"lower_bound":-0.23573551794920866,"upper_bound":0.3406437898118917},"point_estimate":-0.06431987985685217,"standard_error":0.1499411292039829}}