{"mean":{"confidence_interval":{"confidence_level":0.95,"lower_bound":-0.10863769336747715,"upper_bound":0.11446152622718543},"point_estimate":0.0007418808963026713,"standard_error":0.05707485047612329},"median":{"confidence_interval":{"confidence_level":0.95,"lower_bound":-0.24243070076656936,"upper_bound":0.29158192351139506},"point_estimate":-0.041700789920981696,"standard_error":0.12995087556872328}}