{"mean":{"confidence_interval":{"confidence_level":0.95,"lower_bound":-0.09513191577825456,"upper_bound":0.13118873471609527},"point_estimate":0.015110365636143541,"standard_error":0.057681061347381095},"median":{"confidence_interval":{"confidence_level":0.95,"lower_bound":-0.19992202299199924,"upper_bound":0.2244713824025768},"point_estimate":-0.03249741480766033,"standard_error":0.11055915979953937}}