{"mean":{"confidence_interval":{"confidence_level":0.95,"lower_bound":798.1973145778564,"upper_bound":930.833079189847},"point_estimate":864.7389406808564,"standard_error":33.92402811493339},"median":{"confidence_interval":{"confidence_level":0.95,"lower_bound":766.888821630347,"upper_bound":1070.2096310848756},"point_estimate":926.4562774639046,"standard_error":80.01431084602808},"median_abs_dev":{"confidence_interval":{"confidence_level":0.95,"lower_bound":297.1802450472749,"upper_bound":551.493251768595},"point_estimate":461.45650997205354,"standard_error":70.03707937331087},"slope":{"confidence_interval":{"confidence_level":0.95,"lower_bound":1101.5245687142829,"upper_bound":1174.8390478854174},"point_estimate":1142.6283016783843,"standard_error":18.70844468460592},"std_dev":{"confidence_interval":{"confidence_level":0.95,"lower_bound":314.6516181012351,"upper_bound":361.56818967121984},"point_estimate":340.990063587003,"standard_error":11.987274713663574}}