{"mean":{"confidence_interval":{"confidence_level":0.95,"lower_bound":-0.04306562469033005,"upper_bound":0.08662798268982456},"point_estimate":0.020613943281748037,"standard_error":0.0331056502427621},"median":{"confidence_interval":{"confidence_level":0.95,"lower_bound":-0.08876577724249309,"upper_bound":0.18974791882900877},"point_estimate":0.04157082531196332,"standard_error":0.07301933532431902}}