{"mean":{"confidence_interval":{"confidence_level":0.95,"lower_bound":-0.015190501462094079,"upper_bound":0.08275060781421448},"point_estimate":0.0320659239708978,"standard_error":0.024998614147569063},"median":{"confidence_interval":{"confidence_level":0.95,"lower_bound":-0.05024546628906623,"upper_bound":0.20661473918772177},"point_estimate":0.05697254297207888,"standard_error":0.06704993158476252}}