{"mean":{"confidence_interval":{"confidence_level":0.95,"lower_bound":1114.498406036048,"upper_bound":1324.464220355627},"point_estimate":1219.8092339381535,"standard_error":53.71161485558431},"median":{"confidence_interval":{"confidence_level":0.95,"lower_bound":1051.8952324854197,"upper_bound":1523.643902827905},"point_estimate":1299.5340472599296,"standard_error":130.78743973206463},"median_abs_dev":{"confidence_interval":{"confidence_level":0.95,"lower_bound":482.51360075257094,"upper_bound":885.1587956283169},"point_estimate":769.8076072867086,"standard_error":114.70345400263528},"slope":{"confidence_interval":{"confidence_level":0.95,"lower_bound":1596.8541526490685,"upper_bound":1709.3388183145162},"point_estimate":1660.165566417721,"standard_error":28.683236566527686},"std_dev":{"confidence_interval":{"confidence_level":0.95,"lower_bound":499.8415888448578,"upper_bound":572.0334559837221},"point_estimate":540.5216266809891,"standard_error":18.486964094035883}}