{"mean":{"confidence_interval":{"confidence_level":0.95,"lower_bound":-0.07333632154688573,"upper_bound":0.04391016495111864},"point_estimate":-0.016498426106647646,"standard_error":0.030220819543899834},"median":{"confidence_interval":{"confidence_level":0.95,"lower_bound":-0.149976602239414,"upper_bound":0.10082496095323878},"point_estimate":-0.028620788548756493,"standard_error":0.0636459683901125}}