{"mean":{"confidence_interval":{"confidence_level":0.95,"lower_bound":-0.007033078606048109,"upper_bound":0.2582772275940234},"point_estimate":0.11291791961850839,"standard_error":0.06760399110288003},"median":{"confidence_interval":{"confidence_level":0.95,"lower_bound":-0.10620449000648224,"upper_bound":0.6928703246069099},"point_estimate":0.21565943731513015,"standard_error":0.19980193097158322}}