{"mean":{"confidence_interval":{"confidence_level":0.95,"lower_bound":-0.09937110774336971,"upper_bound":0.10724716414240329},"point_estimate":0.0019153893880401451,"standard_error":0.0531470927762787},"median":{"confidence_interval":{"confidence_level":0.95,"lower_bound":-0.2203431883243251,"upper_bound":0.2904884910188276},"point_estimate":0.013971631305585763,"standard_error":0.13303038570265466}}