{"mean":{"confidence_interval":{"confidence_level":0.95,"lower_bound":-0.05378192162046764,"upper_bound":0.03660560525817248},"point_estimate":-0.010076147081610531,"standard_error":0.023108308218414853},"median":{"confidence_interval":{"confidence_level":0.95,"lower_bound":-0.10091019041096083,"upper_bound":0.07647932132768376},"point_estimate":0.01642084436361313,"standard_error":0.05014005228910233}}