{"mean":{"confidence_interval":{"confidence_level":0.95,"lower_bound":-0.13328932165469762,"upper_bound":0.095017089771149},"point_estimate":-0.026896263096474082,"standard_error":0.058535739569595575},"median":{"confidence_interval":{"confidence_level":0.95,"lower_bound":-0.25745672038343126,"upper_bound":0.27714585437102585},"point_estimate":-0.036376799520135616,"standard_error":0.14104466145838115}}