{"mean":{"confidence_interval":{"confidence_level":0.95,"lower_bound":-0.11959534901626859,"upper_bound":0.11565363908080992},"point_estimate":-0.0062735101004086635,"standard_error":0.05977487027773936},"median":{"confidence_interval":{"confidence_level":0.95,"lower_bound":-0.27213083792028847,"upper_bound":0.31286196228945934},"point_estimate":-0.03147195007424519,"standard_error":0.14791957141285864}}