{"mean":{"confidence_interval":{"confidence_level":0.95,"lower_bound":-0.10731569179761874,"upper_bound":0.14738534491206084},"point_estimate":0.009563296958677192,"standard_error":0.06502379626999766},"median":{"confidence_interval":{"confidence_level":0.95,"lower_bound":-0.26064131070422836,"upper_bound":0.4413502235965163},"point_estimate":0.05531313022928597,"standard_error":0.17784342196349157}}