{"mean":{"confidence_interval":{"confidence_level":0.95,"lower_bound":-0.3044811032798794,"upper_bound":-0.21499634775733698},"point_estimate":-0.2613856461594082,"standard_error":0.022848966459661852},"median":{"confidence_interval":{"confidence_level":0.95,"lower_bound":-0.2243252821599134,"upper_bound":-0.04585899450390918},"point_estimate":-0.07524749224193494,"standard_error":0.04679435922889436}}