{"mean":{"confidence_interval":{"confidence_level":0.95,"lower_bound":-0.07881761041001088,"upper_bound":0.1454739923807712},"point_estimate":0.02917493696496387,"standard_error":0.05738834549306427},"median":{"confidence_interval":{"confidence_level":0.95,"lower_bound":-0.18091551315412635,"upper_bound":0.35650931413984255},"point_estimate":0.045768149811566294,"standard_error":0.13827194953891783}}