{"mean":{"confidence_interval":{"confidence_level":0.95,"lower_bound":-0.10724828785644638,"upper_bound":0.11694757364618336},"point_estimate":-0.00005624650874724857,"standard_error":0.05729201874502194},"median":{"confidence_interval":{"confidence_level":0.95,"lower_bound":-0.21366606447874215,"upper_bound":0.29173561088172884},"point_estimate":-0.02261869686027762,"standard_error":0.13145296289921263}}