{"mean":{"confidence_interval":{"confidence_level":0.95,"lower_bound":-0.08019339179878411,"upper_bound":0.16306304201494512},"point_estimate":0.03413242560625385,"standard_error":0.062031302815953725},"median":{"confidence_interval":{"confidence_level":0.95,"lower_bound":-0.22035557221690727,"upper_bound":0.45455479195081483},"point_estimate":0.014541001956407396,"standard_error":0.1785072157226891}}