{"mean":{"confidence_interval":{"confidence_level":0.95,"lower_bound":-0.16560554401051433,"upper_bound":0.0890774962419587},"point_estimate":-0.04891041031119103,"standard_error":0.0650887701849941},"median":{"confidence_interval":{"confidence_level":0.95,"lower_bound":-0.35704128149601533,"upper_bound":0.31943394232729383},"point_estimate":-0.08925703755940739,"standard_error":0.17342752556234747}}