{"mean":{"confidence_interval":{"confidence_level":0.95,"lower_bound":578.8574771456173,"upper_bound":674.6852249610511},"point_estimate":626.0052105906786,"standard_error":24.496725085625314},"median":{"confidence_interval":{"confidence_level":0.95,"lower_bound":453.8290645235893,"upper_bound":615.4587029569893},"point_estimate":507.43743952588295,"standard_error":43.895073193143496},"median_abs_dev":{"confidence_interval":{"confidence_level":0.95,"lower_bound":100.00565750421981,"upper_bound":306.73594669338587},"point_estimate":178.02225266757955,"standard_error":54.1222988445017},"slope":{"confidence_interval":{"confidence_level":0.95,"lower_bound":774.3957168107833,"upper_bound":882.9134113268627},"point_estimate":833.7665633466331,"standard_error":27.698228674863174},"std_dev":{"confidence_interval":{"confidence_level":0.95,"lower_bound":217.66681215492844,"upper_bound":266.75688713449136},"point_estimate":245.2973044775789,"standard_error":12.514337571250596}}