{"mean":{"confidence_interval":{"confidence_level":0.95,"lower_bound":-0.14992905405838544,"upper_bound":0.09937951944165095},"point_estimate":-0.03347496832965746,"standard_error":0.06382343151750591},"median":{"confidence_interval":{"confidence_level":0.95,"lower_bound":-0.1994592454372076,"upper_bound":0.48326815406871537},"point_estimate":-0.03285689433388839,"standard_error":0.18191445724623068}}