{"mean":{"confidence_interval":{"confidence_level":0.95,"lower_bound":-0.1016471547716857,"upper_bound":0.1270295683666155},"point_estimate":0.007436191018555416,"standard_error":0.05825240071806827},"median":{"confidence_interval":{"confidence_level":0.95,"lower_bound":-0.2549531263658241,"upper_bound":0.35196903685885617},"point_estimate":-0.025005160118841574,"standard_error":0.1572377300506232}}