{"mean":{"confidence_interval":{"confidence_level":0.95,"lower_bound":-0.09172558447925262,"upper_bound":0.14066099936190854},"point_estimate":0.02173259467636668,"standard_error":0.0596879545031217},"median":{"confidence_interval":{"confidence_level":0.95,"lower_bound":-0.22596367007650964,"upper_bound":0.34758369830457414},"point_estimate":0.04553032993053563,"standard_error":0.14541532255430167}}