{"mean":{"confidence_interval":{"confidence_level":0.95,"lower_bound":-0.06930118241870045,"upper_bound":0.10531928598489816},"point_estimate":0.01317818018605843,"standard_error":0.044366514601014234},"median":{"confidence_interval":{"confidence_level":0.95,"lower_bound":-0.1839336014081281,"upper_bound":0.25114167590239855},"point_estimate":0.01350758958677023,"standard_error":0.11099366760570967}}