{"mean":{"confidence_interval":{"confidence_level":0.95,"lower_bound":-0.460960752079981,"upper_bound":-0.3481966639287722},"point_estimate":-0.40689091047769765,"standard_error":0.028837112838463713},"median":{"confidence_interval":{"confidence_level":0.95,"lower_bound":-0.47670590362327114,"upper_bound":-0.22816284462183034},"point_estimate":-0.36442385054002036,"standard_error":0.06505445017754158}}