{"mean":{"confidence_interval":{"confidence_level":0.95,"lower_bound":-0.0428661000282522,"upper_bound":0.17711104675237407},"point_estimate":0.06137143594344319,"standard_error":0.0555754887355651},"median":{"confidence_interval":{"confidence_level":0.95,"lower_bound":-0.16895104129365968,"upper_bound":0.35693546138415977},"point_estimate":0.03154776000295456,"standard_error":0.13201711059114798}}