{"mean":{"confidence_interval":{"confidence_level":0.95,"lower_bound":-0.021622433365220184,"upper_bound":0.05383065015294396},"point_estimate":0.015202435573666406,"standard_error":0.019440121774806092},"median":{"confidence_interval":{"confidence_level":0.95,"lower_bound":-0.06929552737055023,"upper_bound":0.0641543635005195},"point_estimate":-0.006675383294555637,"standard_error":0.033367036853606105}}