{"mean":{"confidence_interval":{"confidence_level":0.95,"lower_bound":-0.04549696578906553,"upper_bound":0.03492415319991449},"point_estimate":-0.006789475853580584,"standard_error":0.020540663791324184},"median":{"confidence_interval":{"confidence_level":0.95,"lower_bound":-0.06569913275844597,"upper_bound":0.07301144302598939},"point_estimate":0.008523641953490202,"standard_error":0.03501746831432732}}