{"mean":{"confidence_interval":{"confidence_level":0.95,"lower_bound":-0.11727431024302247,"upper_bound":0.12391935459937516},"point_estimate":-0.007567866116112931,"standard_error":0.06174071999322397},"median":{"confidence_interval":{"confidence_level":0.95,"lower_bound":-0.26815079420829857,"upper_bound":0.3134320753078863},"point_estimate":0.01284070951416183,"standard_error":0.13918513937081495}}