{"mean":{"confidence_interval":{"confidence_level":0.95,"lower_bound":-0.10661981599310469,"upper_bound":0.14299515673233196},"point_estimate":0.013524118733935664,"standard_error":0.06361680073330035},"median":{"confidence_interval":{"confidence_level":0.95,"lower_bound":-0.2107746848609593,"upper_bound":0.46071029962840315},"point_estimate":0.09650641387840042,"standard_error":0.17358863909121902}}