{"mean":{"confidence_interval":{"confidence_level":0.95,"lower_bound":-0.08420819532275277,"upper_bound":-0.002472700366920236},"point_estimate":-0.043396594384441545,"standard_error":0.02090140541161722},"median":{"confidence_interval":{"confidence_level":0.95,"lower_bound":-0.14143762762079304,"upper_bound":0.009237906739260726},"point_estimate":-0.07415667218321909,"standard_error":0.03701832904712239}}