{"mean":{"confidence_interval":{"confidence_level":0.95,"lower_bound":-0.09703835845544508,"upper_bound":0.12608062475516144},"point_estimate":0.008101885881762305,"standard_error":0.057141159958243384},"median":{"confidence_interval":{"confidence_level":0.95,"lower_bound":-0.2063933370895995,"upper_bound":0.283489659671065},"point_estimate":0.005464700137583822,"standard_error":0.12414307794141811}}