{"mean":{"confidence_interval":{"confidence_level":0.95,"lower_bound":-0.011304603260547792,"upper_bound":0.27119172983385853},"point_estimate":0.12136048830773394,"standard_error":0.07237993793572893},"median":{"confidence_interval":{"confidence_level":0.95,"lower_bound":-0.10366579329815562,"upper_bound":0.6319345447444249},"point_estimate":0.18708568815958748,"standard_error":0.18987036602724683}}