{"mean":{"confidence_interval":{"confidence_level":0.95,"lower_bound":-0.12592556170357608,"upper_bound":0.11118973532222286},"point_estimate":-0.015380169921106468,"standard_error":0.060659404367637414},"median":{"confidence_interval":{"confidence_level":0.95,"lower_bound":-0.20772211770835813,"upper_bound":0.3655632862164424},"point_estimate":0.09389045485683933,"standard_error":0.14868450381817136}}