{"mean":{"confidence_interval":{"confidence_level":0.95,"lower_bound":28.595966355615598,"upper_bound":32.296744846415194},"point_estimate":30.423433901311157,"standard_error":0.9465940074116367},"median":{"confidence_interval":{"confidence_level":0.95,"lower_bound":24.674328098990713,"upper_bound":33.2227021544488},"point_estimate":29.093671132283333,"standard_error":2.072942421006531},"median_abs_dev":{"confidence_interval":{"confidence_level":0.95,"lower_bound":8.25458939082694,"upper_bound":15.171621300235678},"point_estimate":12.912872049711776,"standard_error":1.684025116637075},"slope":{"confidence_interval":{"confidence_level":0.95,"lower_bound":36.59149540594814,"upper_bound":39.606347066258},"point_estimate":38.25153583889823,"standard_error":0.7696518885014948},"std_dev":{"confidence_interval":{"confidence_level":0.95,"lower_bound":8.753346243147025,"upper_bound":10.099815095239592},"point_estimate":9.501484831306122,"standard_error":0.34545339436902833}}