{"mean":{"confidence_interval":{"confidence_level":0.95,"lower_bound":-0.13096606731999383,"upper_bound":0.09982748954618924},"point_estimate":-0.02682752099673169,"standard_error":0.05882069920218167},"median":{"confidence_interval":{"confidence_level":0.95,"lower_bound":-0.2562496550901473,"upper_bound":0.35783750384916213},"point_estimate":0.031067873491051667,"standard_error":0.15740707018592573}}