{"mean":{"confidence_interval":{"confidence_level":0.95,"lower_bound":-0.11399585122076895,"upper_bound":0.13075714366681127},"point_estimate":0.002677350331105055,"standard_error":0.062427589190211435},"median":{"confidence_interval":{"confidence_level":0.95,"lower_bound":-0.22627341551176094,"upper_bound":0.25621862450822963},"point_estimate":-0.01935091911051745,"standard_error":0.12345842472943865}}