{"mean":{"confidence_interval":{"confidence_level":0.95,"lower_bound":-0.06380840280023554,"upper_bound":0.034889119618229894},"point_estimate":-0.016739477535482772,"standard_error":0.025134705491284718},"median":{"confidence_interval":{"confidence_level":0.95,"lower_bound":-0.14314732331390922,"upper_bound":0.1424364191450218},"point_estimate":-0.011875302620540928,"standard_error":0.06379215244324725}}