{"mean":{"confidence_interval":{"confidence_level":0.95,"lower_bound":-0.11540311283895788,"upper_bound":0.14482931200583848},"point_estimate":0.0071885052684586,"standard_error":0.06655544173584232},"median":{"confidence_interval":{"confidence_level":0.95,"lower_bound":-0.24174017745776644,"upper_bound":0.41620270890963207},"point_estimate":0.06626025166614036,"standard_error":0.1694057848596145}}