{"mean":{"confidence_interval":{"confidence_level":0.95,"lower_bound":1657.566356703508,"upper_bound":1756.4497064997613},"point_estimate":1706.4854085391137,"standard_error":25.21434208846263},"median":{"confidence_interval":{"confidence_level":0.95,"lower_bound":1554.6482142857142,"upper_bound":1754.1435866393495},"point_estimate":1674.39808515999,"standard_error":45.12205242722531},"median_abs_dev":{"confidence_interval":{"confidence_level":0.95,"lower_bound":212.8934160603483,"upper_bound":366.4028571855252},"point_estimate":314.2616386515099,"standard_error":36.76513848403729},"slope":{"confidence_interval":{"confidence_level":0.95,"lower_bound":1849.570578203448,"upper_bound":1951.7377909359013},"point_estimate":1904.671158493248,"standard_error":26.072703530207136},"std_dev":{"confidence_interval":{"confidence_level":0.95,"lower_bound":225.01109551615883,"upper_bound":278.10682508889056},"point_estimate":254.01837272171792,"standard_error":13.529502082938697}}