{"mean":{"confidence_interval":{"confidence_level":0.95,"lower_bound":-0.13307611171372644,"upper_bound":0.10698421207545927},"point_estimate":-0.024203022918290573,"standard_error":0.061343333905862836},"median":{"confidence_interval":{"confidence_level":0.95,"lower_bound":-0.2789714438689307,"upper_bound":0.241645580528548},"point_estimate":0.0016007570248253167,"standard_error":0.13229718047916877}}