{"mean":{"confidence_interval":{"confidence_level":0.95,"lower_bound":-0.11337089681562372,"upper_bound":0.1375458032306377},"point_estimate":0.006020384503830689,"standard_error":0.06335012625428882},"median":{"confidence_interval":{"confidence_level":0.95,"lower_bound":-0.26831721594222957,"upper_bound":0.33240823586448864},"point_estimate":-0.007823576610426097,"standard_error":0.15043480126842582}}