{"mean":{"confidence_interval":{"confidence_level":0.95,"lower_bound":-0.10603540501962976,"upper_bound":0.12284843295925632},"point_estimate":-0.0012825937905758256,"standard_error":0.0587956018975749},"median":{"confidence_interval":{"confidence_level":0.95,"lower_bound":-0.18157188443956884,"upper_bound":0.3240443980303491},"point_estimate":0.0013037500924246714,"standard_error":0.12637537300118928}}