{"mean":{"confidence_interval":{"confidence_level":0.95,"lower_bound":-0.1728846690163126,"upper_bound":0.053462281569851146},"point_estimate":-0.06936911725794326,"standard_error":0.057925566522421625},"median":{"confidence_interval":{"confidence_level":0.95,"lower_bound":-0.21994237591240362,"upper_bound":0.42602930593669774},"point_estimate":0.09250169621109827,"standard_error":0.1712204969316161}}